game_id,pp_team,pk_team,bucket,goal_diff_at_pen,pp_duration_sec,pp_goals,pp_shots_on_goal,pp_missed_shots,pp_blocked_shots,pk_goals_against,pk_shots_against
2024020001,BUF,NJD,Neutral,0,120,0,0,0,0,0,1
2024020001,NJD,BUF,Leading,1,120,0,1,0,5,0,0
2024020001,NJD,BUF,Protecting,2,120,0,1,1,1,0,0
2024020001,BUF,NJD,Chasing,-3,120,0,3,2,0,0,0
2024020001,BUF,NJD,Chasing,-3,120,0,1,2,1,0,0
2024020001,BUF,NJD,Chasing,-3,120,0,1,1,2,0,0
2024020002,BUF,NJD,Neutral,0,120,0,0,2,2,0,0
2024020002,BUF,NJD,Neutral,0,300,0,0,5,2,0,2
2024020002,NJD,BUF,Neutral,0,300,0,2,1,1,0,0
2024020002,NJD,BUF,Neutral,0,120,0,4,0,1,0,0
2024020002,NJD,BUF,Neutral,0,120,0,2,1,1,0,1
2024020002,NJD,BUF,Trailing,-1,80,1,1,0,0,0,0
2024020002,BUF,NJD,Neutral,0,120,0,0,0,0,0,2
2024020002,NJD,BUF,Neutral,0,120,0,1,0,3,0,0
2024020003,SEA,STL,Protecting,2,120,0,0,0,1,0,3
2024020003,STL,SEA,Chasing,-2,120,0,3,1,0,0,0
2024020003,SEA,STL,Protecting,2,300,0,2,1,1,1,7
2024020003,STL,SEA,Chasing,-2,281,1,6,2,0,0,2
2024020003,STL,SEA,Chasing,-2,22,1,0,0,0,0,0
2024020003,SEA,STL,Protecting,2,120,0,0,0,0,2,1
2024020003,STL,SEA,Chasing,-2,22,1,0,0,0,0,0
2024020003,STL,SEA,Leading,1,120,0,1,1,1,0,0
2024020003,SEA,STL,Trailing,-1,120,0,2,2,0,0,0
2024020004,BOS,FLA,Neutral,0,300,0,0,1,0,2,5
2024020004,FLA,BOS,Neutral,0,32,1,1,0,0,0,0
2024020004,FLA,BOS,Protecting,2,120,0,1,0,2,0,0
2024020004,FLA,BOS,Protecting,2,120,0,0,1,0,1,1
2024020004,BOS,FLA,Trailing,-1,120,0,6,0,0,1,0
2024020004,FLA,BOS,Protecting,3,120,0,0,1,1,0,0
2024020004,FLA,BOS,Protecting,3,120,0,1,0,2,0,0
2024020004,BOS,FLA,Chasing,-3,120,0,0,1,0,0,1
2024020004,BOS,FLA,Chasing,-4,120,0,2,1,1,1,0
2024020004,FLA,BOS,Protecting,4,1,1,0,0,0,0,0
2024020004,BOS,FLA,Chasing,-4,120,0,2,1,1,1,0
2024020004,FLA,BOS,Protecting,4,120,0,3,1,0,0,0
2024020004,FLA,BOS,Protecting,4,120,0,1,1,3,0,0
2024020004,BOS,FLA,Chasing,-3,72,1,0,0,0,0,0
2024020005,UTA,CHI,Protecting,2,120,0,2,0,1,0,0
2024020005,CHI,UTA,Chasing,-3,120,0,0,0,2,0,0
2024020005,CHI,UTA,Chasing,-2,120,0,0,0,0,0,0
2024020005,CHI,UTA,Chasing,-2,300,0,2,1,0,0,0
2024020005,UTA,CHI,Protecting,2,300,0,0,3,2,0,2
2024020005,CHI,UTA,Chasing,-2,120,0,2,1,0,0,0
2024020005,UTA,CHI,Protecting,2,1,1,0,0,0,0,0
2024020006,MTL,TOR,Neutral,0,120,0,3,0,1,0,0
2024020006,TOR,MTL,Neutral,0,120,0,3,0,2,0,0
2024020006,MTL,TOR,Neutral,0,39,1,1,1,1,0,0
2024020006,TOR,MTL,Trailing,-1,120,0,2,0,0,0,0
2024020006,TOR,MTL,Trailing,-1,120,0,0,1,2,0,0
2024020006,MTL,TOR,Leading,1,120,0,1,0,1,0,0
2024020006,MTL,TOR,Leading,1,120,0,1,0,1,0,1
2024020006,MTL,TOR,Leading,1,120,0,2,1,1,0,0
2024020006,TOR,MTL,Trailing,-1,120,0,0,0,2,0,1
2024020007,NYR,PIT,Protecting,3,120,0,1,1,1,0,0
2024020007,PIT,NYR,Chasing,-3,120,0,2,0,1,0,0
2024020007,PIT,NYR,Chasing,-4,120,0,0,3,0,0,2
2024020007,PIT,NYR,Chasing,-4,120,0,0,0,0,0,2
2024020007,NYR,PIT,Protecting,4,120,0,2,2,2,0,0
2024020007,NYR,PIT,Protecting,4,120,0,2,2,2,0,0
2024020007,PIT,NYR,Chasing,-4,120,0,1,0,1,1,0
2024020008,WPG,EDM,Protecting,4,29,1,0,0,0,0,0
2024020008,EDM,WPG,Chasing,-5,120,0,1,2,2,0,0
2024020008,WPG,EDM,Protecting,5,120,0,0,0,0,0,2
2024020008,WPG,EDM,Protecting,5,35,1,0,0,0,0,0
2024020009,CGY,VAN,Neutral,0,120,0,0,0,1,0,0
2024020009,VAN,CGY,Neutral,0,119,1,2,0,1,0,0
2024020009,VAN,CGY,Neutral,0,119,1,2,0,1,0,0
2024020009,CGY,VAN,Neutral,0,120,0,0,0,0,1,2
2024020009,VAN,CGY,Neutral,0,119,1,2,0,1,0,0
2024020009,CGY,VAN,Neutral,0,120,0,0,0,0,1,2
2024020009,VAN,CGY,Leading,1,29,1,1,0,0,0,0
2024020009,VAN,CGY,Protecting,3,120,0,0,0,1,0,0
2024020009,VAN,CGY,Protecting,3,120,0,0,0,1,1,0
2024020009,VAN,CGY,Protecting,3,300,0,0,0,5,0,3
2024020009,CGY,VAN,Chasing,-3,300,0,3,1,0,0,0
2024020009,CGY,VAN,Chasing,-3,120,0,1,0,0,0,0
2024020009,CGY,VAN,Trailing,-1,58,1,0,1,1,0,0
2024020010,COL,VGK,Chasing,-2,82,1,0,0,1,0,0
2024020010,VGK,COL,Leading,1,99,1,1,0,0,0,0
2024020010,COL,VGK,Chasing,-2,120,0,0,1,1,0,0
2024020010,VGK,COL,Leading,1,6,1,0,0,0,0,0
2024020010,COL,VGK,Chasing,-2,120,0,0,0,1,0,0
2024020011,BOS,MTL,Neutral,0,120,0,1,1,3,0,0
2024020011,MTL,BOS,Neutral,0,110,1,1,0,0,0,0
2024020011,BOS,MTL,Trailing,-1,6,1,0,0,0,0,0
2024020011,MTL,BOS,Neutral,0,120,0,0,0,1,0,0
2024020011,BOS,MTL,Leading,1,120,0,0,0,2,0,0
2024020011,MTL,BOS,Trailing,-1,120,0,1,1,1,0,1
2024020011,BOS,MTL,Leading,1,120,0,2,0,1,0,0
2024020011,MTL,BOS,Chasing,-3,120,0,1,1,0,0,0
2024020011,BOS,MTL,Protecting,3,120,0,2,2,1,0,0
2024020011,MTL,BOS,Chasing,-3,120,0,1,0,0,0,0
2024020011,MTL,BOS,Chasing,-2,120,0,0,1,1,0,0
2024020012,BUF,LAK,Neutral,0,120,0,2,1,0,0,1
2024020012,BUF,LAK,Neutral,0,120,0,1,1,1,0,0
2024020012,LAK,BUF,Neutral,0,120,0,1,0,0,0,2
2024020012,BUF,LAK,Neutral,0,1,0,1,0,0,0,0
2024020012,LAK,BUF,Neutral,0,120,0,1,1,1,0,2
2024020012,BUF,LAK,Neutral,0,120,0,4,0,2,0,1
2024020012,LAK,BUF,Neutral,0,120,0,1,0,2,1,1
2024020012,BUF,LAK,Leading,1,120,0,4,1,2,0,0
2024020012,BUF,LAK,Neutral,0,300,0,4,3,2,0,3
2024020012,LAK,BUF,Neutral,0,300,0,3,1,1,0,4
2024020012,BUF,LAK,Neutral,0,120,0,2,1,1,0,0
2024020012,LAK,BUF,Neutral,0,120,0,0,1,0,0,0
2024020012,LAK,BUF,Neutral,0,122,1,0,1,0,0,0
2024020012,LAK,BUF,Neutral,0,29,1,0,0,0,0,0
2024020012,LAK,BUF,Protecting,2,1,1,0,0,0,0,0
2024020013,OTT,FLA,Neutral,0,60,1,3,0,0,0,0
2024020013,FLA,OTT,Trailing,-1,120,0,4,1,0,0,1
2024020013,FLA,OTT,Chasing,-2,120,0,1,1,3,0,0
2024020013,OTT,FLA,Protecting,2,120,0,1,0,0,0,0
2024020013,OTT,FLA,Leading,1,120,0,1,1,0,0,0
2024020015,NJD,TOR,Chasing,-3,79,1,1,0,1,0,0
2024020015,TOR,NJD,Protecting,2,120,0,0,1,0,0,0
2024020015,NJD,TOR,Chasing,-2,120,0,0,0,1,0,1
2024020015,NJD,TOR,Chasing,-2,120,0,3,3,1,0,0
2024020015,NJD,TOR,Chasing,-2,120,0,1,1,3,0,0
2024020015,TOR,NJD,Protecting,2,120,0,1,0,0,0,0
2024020015,NJD,TOR,Chasing,-2,120,0,1,0,1,0,0
2024020016,NYI,UTA,Neutral,0,56,1,0,0,0,0,0
2024020016,NYI,UTA,Leading,1,1,1,0,0,0,0,0
2024020016,NYI,UTA,Leading,1,120,0,4,1,1,0,0
2024020016,UTA,NYI,Trailing,-1,44,1,0,0,0,0,0
2024020016,NYI,UTA,Trailing,-1,120,0,0,1,2,0,0
2024020016,UTA,NYI,Neutral,0,56,1,0,0,0,1,1
2024020016,NYI,UTA,Neutral,0,240,0,2,0,4,0,0
2024020014,DET,PIT,Leading,1,120,0,4,1,3,0,0
2024020014,DET,PIT,Neutral,0,120,0,0,1,0,0,0
2024020014,PIT,DET,Protecting,3,120,0,2,1,1,0,0
2024020014,DET,PIT,Chasing,-3,120,0,2,0,0,0,0
2024020014,PIT,DET,Protecting,2,48,1,0,0,1,0,0
2024020014,DET,PIT,Chasing,-3,106,1,2,2,1,0,0
2024020014,DET,PIT,Chasing,-3,85,1,2,2,1,0,0
2024020017,NSH,DAL,Neutral,0,120,0,2,0,2,0,0
2024020017,DAL,NSH,Neutral,0,120,0,1,0,2,0,0
2024020017,NSH,DAL,Neutral,0,120,0,1,1,1,0,0
2024020017,DAL,NSH,Neutral,0,120,0,0,0,0,0,0
2024020017,DAL,NSH,Neutral,0,120,0,0,1,2,0,1
2024020017,NSH,DAL,Chasing,-2,35,1,2,0,0,0,0
2024020017,DAL,NSH,Leading,1,69,1,0,0,1,0,0
2024020017,NSH,DAL,Chasing,-2,120,0,3,2,0,0,0
2024020017,NSH,DAL,Chasing,-3,120,0,2,0,1,0,1
2024020017,NSH,DAL,Chasing,-2,120,0,3,1,0,0,0
2024020018,CBJ,MIN,Neutral,0,120,0,4,1,0,0,0
2024020018,MIN,CBJ,Neutral,0,120,0,2,2,0,0,2
2024020018,MIN,CBJ,Neutral,0,120,0,1,1,0,0,1
2024020018,CBJ,MIN,Neutral,0,120,0,3,0,1,0,0
2024020018,MIN,CBJ,Leading,1,110,1,2,0,2,0,0
2024020018,CBJ,MIN,Chasing,-2,16,1,0,0,0,0,0
2024020019,SJS,STL,Leading,1,33,1,2,0,0,0,0
2024020019,SJS,STL,Protecting,2,120,0,2,1,0,0,1
2024020019,STL,SJS,Chasing,-2,120,0,2,1,1,1,2
2024020019,STL,SJS,Trailing,-1,120,0,1,1,1,0,0
2024020020,TBL,CAR,Neutral,0,120,0,0,0,0,0,0
2024020020,CAR,TBL,Neutral,0,120,0,0,1,1,0,0
2024020020,TBL,CAR,Trailing,-1,12,1,0,0,0,0,0
2024020020,CAR,TBL,Neutral,0,120,0,1,3,2,0,0
2024020020,TBL,CAR,Neutral,0,120,0,0,0,0,0,1
2024020020,CAR,TBL,Neutral,0,120,0,0,0,0,0,0
2024020020,TBL,CAR,Neutral,0,120,0,3,2,1,0,0
2024020020,CAR,TBL,Neutral,0,120,0,1,1,0,0,0
2024020020,TBL,CAR,Neutral,0,120,0,1,0,1,0,0
2024020020,TBL,CAR,Neutral,0,6,1,0,0,0,0,0
2024020021,WPG,CHI,Neutral,0,120,0,0,0,0,0,0
2024020021,WPG,CHI,Neutral,0,120,0,4,1,0,0,0
2024020021,CHI,WPG,Neutral,0,120,0,3,3,3,0,0
2024020022,VAN,PHI,Neutral,0,120,0,3,1,3,0,1
2024020022,VAN,PHI,Neutral,0,120,0,5,0,1,0,0
2024020022,PHI,VAN,Trailing,-1,113,1,2,1,0,0,0
2024020022,PHI,VAN,Neutral,0,120,0,2,1,2,0,0
2024020022,VAN,PHI,Neutral,0,120,0,0,0,0,0,0
2024020022,PHI,VAN,Neutral,0,120,0,1,0,0,0,0
2024020022,VAN,PHI,Neutral,0,120,0,0,0,0,0,1
2024020022,PHI,VAN,Neutral,0,120,0,2,0,0,0,2
2024020022,VAN,PHI,Neutral,0,120,0,1,2,0,0,0
2024020023,VGK,STL,Neutral,0,120,0,1,2,2,0,0
2024020023,STL,VGK,Chasing,-2,88,1,0,1,1,0,0
2024020023,VGK,STL,Leading,1,120,0,2,1,1,0,0
2024020023,STL,VGK,Trailing,-1,120,0,0,1,0,0,0
2024020024,BOS,LAK,Neutral,0,120,0,1,0,0,0,3
2024020024,BOS,LAK,Neutral,0,120,0,0,0,1,0,0
2024020024,LAK,BOS,Neutral,0,120,0,4,0,3,0,0
2024020024,LAK,BOS,Leading,1,120,0,2,0,2,0,1
2024020024,BOS,LAK,Trailing,-1,120,0,1,0,0,0,0
2024020024,BOS,LAK,Trailing,-1,42,1,2,0,0,0,0
2024020024,LAK,BOS,Leading,1,120,0,0,0,0,1,2
2024020024,LAK,BOS,Neutral,0,120,0,3,0,2,0,1
2024020024,LAK,BOS,Neutral,0,120,0,1,1,0,0,0
2024020024,BOS,LAK,Neutral,0,120,0,1,0,2,0,1
2024020025,FLA,BUF,Leading,1,120,0,0,0,1,0,0
2024020025,BUF,FLA,Trailing,-1,120,0,0,1,0,0,0
2024020025,BUF,FLA,Trailing,-1,120,0,0,0,2,0,0
2024020025,FLA,BUF,Chasing,-2,120,0,3,0,0,0,1
2024020025,BUF,FLA,Protecting,2,120,0,0,1,1,0,2
2024020025,FLA,BUF,Chasing,-3,27,1,1,0,1,0,0
2024020025,BUF,FLA,Protecting,2,120,0,1,0,0,0,0
2024020026,PIT,TOR,Neutral,0,54,1,0,1,0,0,0
2024020026,PIT,TOR,Trailing,-1,120,0,2,1,0,0,0
2024020026,PIT,TOR,Trailing,-1,120,0,1,1,0,0,0
2024020026,TOR,PIT,Leading,1,120,0,3,0,3,0,0
2024020026,TOR,PIT,Leading,1,120,0,1,0,0,0,1
2024020026,PIT,TOR,Chasing,-2,120,0,1,0,1,0,0
2024020026,TOR,PIT,Leading,1,120,0,2,1,1,0,0
2024020027,OTT,MTL,Neutral,0,120,0,0,0,4,0,0
2024020027,MTL,OTT,Neutral,0,119,1,0,0,0,0,0
2024020027,MTL,OTT,Leading,1,120,0,0,1,1,0,0
2024020027,OTT,MTL,Chasing,-2,120,0,0,2,4,0,0
2024020027,OTT,MTL,Chasing,-2,120,0,0,2,4,0,0
2024020027,MTL,OTT,Protecting,2,120,0,0,0,0,0,0
2024020027,OTT,MTL,Chasing,-2,120,0,0,0,2,0,0
2024020027,MTL,OTT,Protecting,2,120,0,4,0,1,0,0
2024020027,MTL,OTT,Protecting,2,1,0,1,0,0,0,0
2024020027,MTL,OTT,Protecting,3,120,0,3,0,0,0,0
2024020027,OTT,MTL,Chasing,-3,120,0,3,0,0,0,0
2024020028,NSH,DET,Neutral,0,120,0,5,1,1,0,1
2024020028,DET,NSH,Neutral,0,120,0,3,1,0,0,0
2024020028,DET,NSH,Leading,1,120,0,1,1,1,0,1
2024020028,NSH,DET,Trailing,-1,120,0,1,0,2,0,0
2024020028,NSH,DET,Trailing,-1,120,0,2,0,3,0,0
2024020030,NYR,UTA,Trailing,-1,104,1,1,1,2,0,0
2024020030,UTA,NYR,Neutral,0,68,1,0,0,0,0,0
2024020030,NYR,UTA,Neutral,0,120,0,0,0,0,1,1
2024020030,NYR,UTA,Trailing,-1,300,0,1,1,2,1,3
2024020030,UTA,NYR,Leading,1,276,1,2,3,3,0,1
2024020030,NYR,UTA,Trailing,-1,300,0,1,1,2,1,3
2024020030,UTA,NYR,Leading,1,276,1,2,3,3,0,1
2024020030,NYR,UTA,Trailing,-1,516,1,2,1,3,1,3
2024020030,UTA,NYR,Leading,1,276,1,2,3,3,0,1
2024020030,UTA,NYR,Leading,1,120,0,1,1,0,0,0
2024020030,UTA,NYR,Leading,1,82,1,1,1,0,0,0
2024020030,NYR,UTA,Trailing,-1,120,0,2,1,0,0,0
2024020030,UTA,NYR,Neutral,0,120,0,2,0,0,0,1
2024020031,NJD,WSH,Neutral,0,120,0,1,0,1,0,1
2024020031,NJD,WSH,Neutral,0,120,0,1,2,1,0,1
2024020031,WSH,NJD,Neutral,0,10,1,0,0,0,0,0
2024020031,NJD,WSH,Leading,1,120,0,1,0,0,0,1
2024020031,WSH,NJD,Trailing,-1,120,0,1,1,0,0,1
2024020031,WSH,NJD,Chasing,-2,120,0,0,0,1,0,0
2024020031,NJD,WSH,Leading,1,120,0,0,0,0,0,0
2024020031,WSH,NJD,Trailing,-1,120,0,1,0,1,0,0
2024020031,NJD,WSH,Leading,1,120,0,4,0,2,0,0
2024020032,DAL,NYI,Neutral,0,120,0,1,1,0,0,0
2024020032,NYI,DAL,Trailing,-1,120,0,2,0,0,0,0
2024020032,DAL,NYI,Protecting,2,120,0,2,2,0,0,1
2024020033,MIN,SEA,Leading,1,120,0,4,2,0,0,0
2024020033,MIN,SEA,Leading,1,80,1,1,2,0,0,0
2024020033,SEA,MIN,Trailing,-1,60,1,3,1,0,0,0
2024020033,SEA,MIN,Neutral,0,120,0,1,1,0,0,0
2024020034,CBJ,COL,Neutral,0,120,0,0,1,0,0,0
2024020034,COL,CBJ,Neutral,0,120,0,0,0,0,0,0
2024020034,CBJ,COL,Neutral,0,120,0,0,1,0,0,0
2024020034,COL,CBJ,Chasing,-2,76,1,2,0,1,0,1
2024020034,COL,CBJ,Trailing,-1,11,1,0,1,0,0,0
2024020034,COL,CBJ,Chasing,-2,120,0,0,0,0,0,0
2024020034,COL,CBJ,Chasing,-2,120,0,0,2,1,0,0
2024020034,CBJ,COL,Protecting,2,120,0,1,0,0,0,0
2024020034,CBJ,COL,Leading,1,27,1,0,0,0,0,0
2024020034,CBJ,COL,Protecting,2,1,1,0,0,0,0,0
2024020035,CGY,PHI,Leading,1,81,1,0,1,1,0,1
2024020035,PHI,CGY,Trailing,-1,120,0,2,0,0,1,0
2024020035,CGY,PHI,Leading,1,24,1,0,1,0,0,0
2024020035,PHI,CGY,Chasing,-2,120,0,4,1,0,0,0
2024020035,PHI,CGY,Chasing,-2,120,0,2,1,0,0,0
2024020035,CGY,PHI,Protecting,2,120,0,0,0,0,1,0
2024020035,CGY,PHI,Leading,1,113,1,0,1,1,0,0
2024020035,CGY,PHI,Leading,1,113,1,0,1,1,0,0
2024020035,PHI,CGY,Trailing,-1,300,0,1,0,0,1,3
2024020035,CGY,PHI,Leading,1,113,1,0,1,1,0,0
2024020035,CGY,PHI,Leading,1,35,1,0,0,0,0,0
2024020035,CGY,PHI,Leading,1,120,0,1,1,2,0,0
2024020035,PHI,CGY,Trailing,-1,120,0,1,0,2,0,1
2024020035,PHI,CGY,Chasing,-3,22,1,0,0,0,0,0
2024020036,EDM,CHI,Trailing,-1,120,0,1,1,0,0,0
2024020036,CHI,EDM,Neutral,0,74,1,0,0,1,0,0
2024020036,EDM,CHI,Chasing,-2,120,0,1,0,2,0,0
2024020036,CHI,EDM,Protecting,2,10,1,0,0,0,0,0
2024020036,EDM,CHI,Chasing,-3,45,1,0,2,1,0,0
2024020036,CHI,EDM,Protecting,2,18,1,0,0,0,0,0
2024020037,SJS,ANA,Neutral,0,120,0,1,1,2,0,0
2024020037,ANA,SJS,Neutral,0,120,0,1,0,0,0,0
2024020037,ANA,SJS,Neutral,0,120,0,2,0,1,0,0
2024020037,ANA,SJS,Neutral,0,120,0,1,0,2,0,1
2024020037,SJS,ANA,Neutral,0,120,0,1,0,1,0,1
2024020037,ANA,SJS,Neutral,0,120,0,0,1,1,0,0
2024020037,ANA,SJS,Neutral,0,120,0,1,0,1,0,0
2024020037,SJS,ANA,Neutral,0,120,0,2,0,0,0,0
2024020037,ANA,SJS,Neutral,0,120,0,2,0,1,0,0
2024020037,SJS,ANA,Trailing,-1,120,0,1,3,2,0,0
2024020038,WPG,MIN,Trailing,-1,120,0,2,2,1,0,0
2024020038,MIN,WPG,Leading,1,120,0,1,0,1,0,0
2024020038,MIN,WPG,Neutral,0,120,0,1,2,2,0,0
2024020038,MIN,WPG,Neutral,0,120,0,0,0,0,0,0
2024020038,WPG,MIN,Neutral,0,57,1,1,0,0,0,1
2024020039,DAL,SEA,Neutral,0,120,0,1,0,0,0,0
2024020039,SEA,DAL,Neutral,0,120,0,0,0,0,0,1
2024020039,SEA,DAL,Neutral,0,120,0,0,1,0,0,0
2024020039,DAL,SEA,Neutral,0,120,0,1,3,1,0,0
2024020039,SEA,DAL,Chasing,-2,120,0,1,0,1,0,0
2024020039,DAL,SEA,Protecting,2,120,0,1,0,2,0,0
2024020039,SEA,DAL,Chasing,-2,120,0,0,0,1,0,0
2024020039,SEA,DAL,Chasing,-2,120,0,1,1,0,0,0
2024020039,DAL,SEA,Protecting,2,120,0,1,3,1,0,0
2024020040,CGY,EDM,Trailing,-1,120,0,0,0,0,0,0
2024020040,CGY,EDM,Neutral,0,120,0,1,0,0,0,0
2024020040,CGY,EDM,Neutral,0,120,0,2,0,3,0,0
2024020040,EDM,CGY,Neutral,0,120,0,0,0,1,0,1
2024020041,VGK,ANA,Neutral,0,120,0,2,0,1,0,0
2024020041,VGK,ANA,Neutral,0,120,0,1,4,2,0,0
2024020041,VGK,ANA,Neutral,0,63,1,2,1,2,0,0
2024020041,ANA,VGK,Trailing,-1,120,0,2,0,0,0,0
2024020041,VGK,ANA,Protecting,2,120,0,2,2,1,0,0
2024020042,FLA,BOS,Trailing,-1,66,1,2,0,1,0,0
2024020042,BOS,FLA,Leading,1,120,0,1,0,0,1,1
2024020042,FLA,BOS,Neutral,0,28,1,0,0,0,0,0
2024020042,BOS,FLA,Neutral,0,300,0,1,0,0,1,2
2024020042,FLA,BOS,Neutral,0,6,1,0,0,0,0,0
2024020042,FLA,BOS,Leading,1,120,0,2,0,1,0,0
2024020042,BOS,FLA,Trailing,-1,120,0,0,0,0,0,2
2024020042,FLA,BOS,Leading,1,120,0,2,0,1,0,0
2024020042,BOS,FLA,Trailing,-1,120,0,0,0,0,0,0
2024020042,FLA,BOS,Leading,1,120,0,0,0,0,0,0
2024020042,BOS,FLA,Neutral,0,120,0,1,3,1,1,0
2024020042,BOS,FLA,Trailing,-1,120,0,2,1,1,0,0
2024020042,FLA,BOS,Leading,1,120,0,0,0,0,0,0
2024020042,BOS,FLA,Trailing,-1,120,0,0,0,0,0,0
2024020042,FLA,BOS,Leading,1,120,0,0,0,0,0,0
2024020042,BOS,FLA,Trailing,-1,120,0,0,0,0,0,0
2024020042,FLA,BOS,Leading,1,120,0,0,0,0,0,0
2024020043,LAK,OTT,Neutral,0,84,1,1,0,0,0,0
2024020043,LAK,OTT,Neutral,0,84,1,1,0,0,0,0
2024020043,OTT,LAK,Neutral,0,217,1,2,0,1,2,1
2024020043,OTT,LAK,Chasing,-2,34,1,1,0,0,0,0
2024020043,OTT,LAK,Trailing,-1,120,0,0,1,2,0,0
2024020043,LAK,OTT,Leading,1,120,0,1,1,0,0,1
2024020043,LAK,OTT,Leading,1,72,1,0,1,0,0,0
2024020043,LAK,OTT,Protecting,2,120,0,0,0,0,0,1
2024020043,OTT,LAK,Chasing,-2,120,0,1,1,1,0,0
2024020043,OTT,LAK,Chasing,-2,5,1,0,0,0,0,0
2024020043,LAK,OTT,Neutral,0,26,1,1,0,0,0,0
2024020043,OTT,LAK,Trailing,-1,85,1,0,0,0,0,0
2024020043,OTT,LAK,Neutral,0,1,1,0,0,0,0,0
2024020043,OTT,LAK,Neutral,0,50,1,0,2,0,0,1
2024020043,LAK,OTT,Neutral,0,120,0,0,1,1,0,0
2024020044,NJD,UTA,Neutral,0,120,0,0,3,3,0,0
2024020044,UTA,NJD,Neutral,0,120,0,1,0,0,0,0
2024020044,UTA,NJD,Neutral,0,120,0,0,0,0,0,1
2024020044,NJD,UTA,Neutral,0,103,1,1,0,0,0,0
2024020044,NJD,UTA,Leading,1,120,0,4,0,0,0,0
2024020044,UTA,NJD,Chasing,-2,120,0,0,0,1,0,1
2024020044,NJD,UTA,Protecting,2,120,0,4,0,1,0,1
2024020044,NJD,UTA,Protecting,2,120,0,2,0,0,0,0
2024020044,UTA,NJD,Chasing,-2,120,0,1,2,0,0,0
2024020044,NJD,UTA,Protecting,2,78,1,3,1,0,0,0
2024020044,NJD,UTA,Protecting,3,120,0,1,0,0,0,1
2024020045,DET,NYR,Neutral,0,120,0,1,0,0,0,0
2024020045,NYR,DET,Neutral,0,120,0,0,1,1,0,1
2024020045,NYR,DET,Leading,1,120,0,3,1,1,0,0
2024020045,DET,NYR,Neutral,0,120,0,6,0,0,0,0
2024020045,NYR,DET,Neutral,0,120,0,2,0,1,0,1
2024020045,DET,NYR,Neutral,0,120,0,2,0,1,0,0
2024020045,NYR,DET,Neutral,0,8,1,0,0,0,0,0
2024020045,NYR,DET,Leading,1,120,0,2,1,3,0,0
2024020045,DET,NYR,Chasing,-2,120,0,1,1,0,0,0
2024020046,PIT,MTL,Leading,1,120,0,0,1,1,0,2
2024020046,MTL,PIT,Trailing,-1,51,1,0,0,0,0,0
2024020046,PIT,MTL,Neutral,0,120,0,2,1,2,0,0
2024020046,MTL,PIT,Neutral,0,120,0,0,1,0,0,2
2024020046,MTL,PIT,Neutral,0,120,0,3,0,0,0,0
2024020047,NYI,COL,Leading,1,120,0,0,1,1,0,0
2024020047,COL,NYI,Trailing,-1,120,0,0,1,0,0,0
2024020047,COL,NYI,Chasing,-2,120,0,0,0,0,1,1
2024020047,COL,NYI,Chasing,-3,120,0,0,1,1,0,1
2024020047,NYI,COL,Protecting,3,120,0,0,0,0,0,2
2024020048,VAN,TBL,Trailing,-1,120,0,1,0,2,0,0
2024020048,TBL,VAN,Leading,1,120,0,1,2,1,0,1
2024020048,VAN,TBL,Trailing,-1,120,0,0,1,0,0,0
2024020048,TBL,VAN,Protecting,2,120,0,0,0,0,0,0
2024020048,TBL,VAN,Protecting,3,120,0,0,0,0,0,1
2024020048,VAN,TBL,Chasing,-3,120,0,1,3,2,0,0
2024020048,VAN,TBL,Chasing,-3,119,1,1,3,0,0,0
2024020048,TBL,VAN,Protecting,2,240,0,0,0,3,0,1
2024020048,TBL,VAN,Protecting,3,240,0,1,0,0,0,0
2024020049,VGK,WSH,Trailing,-1,65,1,0,1,1,0,0
2024020049,WSH,VGK,Neutral,0,120,0,2,1,2,0,0
2024020049,WSH,VGK,Neutral,0,120,0,4,1,1,0,1
2024020049,WSH,VGK,Neutral,0,30,1,1,0,0,0,0
2024020049,VGK,WSH,Chasing,-2,120,0,1,1,1,0,0
2024020049,VGK,WSH,Chasing,-2,120,0,1,0,0,0,0
2024020049,VGK,WSH,Chasing,-2,120,0,0,0,1,0,0
2024020050,CAR,NJD,Trailing,-1,120,0,1,0,0,0,0
2024020050,NJD,CAR,Neutral,0,120,0,0,2,2,0,0
2024020050,NJD,CAR,Chasing,-2,94,1,0,0,2,0,0
2024020050,NJD,CAR,Chasing,-2,49,1,0,0,1,0,0
2024020051,FLA,CBJ,Neutral,0,120,0,1,1,0,0,0
2024020051,FLA,CBJ,Neutral,0,120,0,2,0,3,0,0
2024020051,FLA,CBJ,Neutral,0,120,0,1,1,0,1,0
2024020051,CBJ,FLA,Neutral,0,120,0,0,3,1,0,0
2024020051,CBJ,FLA,Trailing,-1,120,0,1,0,3,0,0
2024020052,MIN,STL,Neutral,0,19,1,0,0,0,0,0
2024020052,STL,MIN,Trailing,-1,120,0,0,0,0,0,0
2024020052,STL,MIN,Trailing,-1,120,0,4,0,2,1,0
2024020052,MIN,STL,Protecting,2,120,0,0,0,3,0,1
2024020052,MIN,STL,Protecting,3,120,0,1,1,3,0,1
2024020052,MIN,STL,Protecting,2,234,1,2,0,1,0,3
2024020053,NSH,SEA,Trailing,-1,120,0,2,2,0,0,1
2024020053,SEA,NSH,Leading,1,120,0,2,0,1,0,0
2024020053,SEA,NSH,Leading,1,120,0,3,0,1,0,1
2024020053,SEA,NSH,Leading,1,120,0,1,0,0,1,4
2024020053,NSH,SEA,Trailing,-1,10,1,0,0,1,0,0
2024020053,NSH,SEA,Neutral,0,120,0,6,1,3,0,1
2024020054,DAL,SJS,Neutral,0,240,0,5,5,1,0,1
2024020054,DAL,SJS,Trailing,-1,120,0,1,0,2,0,0
2024020054,SJS,DAL,Neutral,0,120,0,1,1,0,0,0
2024020054,SJS,DAL,Neutral,0,120,0,1,1,0,0,0
2024020054,SJS,DAL,Neutral,0,120,0,3,0,1,0,0
2024020054,DAL,SJS,Neutral,0,120,0,0,0,2,0,0
2024020055,CHI,CGY,Neutral,0,120,0,0,0,1,0,0
2024020055,CGY,CHI,Neutral,0,120,0,0,0,0,0,1
2024020055,CGY,CHI,Neutral,0,96,1,3,0,2,0,0
2024020055,CGY,CHI,Leading,1,1,1,0,0,0,0,0
2024020055,CHI,CGY,Trailing,-1,120,0,3,0,0,0,1
2024020056,PHI,EDM,Neutral,0,44,1,0,0,0,0,0
2024020056,PHI,EDM,Leading,1,1,1,0,0,0,0,0
2024020056,PHI,EDM,Leading,1,103,1,0,0,2,0,1
2024020056,EDM,PHI,Chasing,-2,120,0,0,0,2,0,0
2024020056,PHI,EDM,Protecting,2,120,0,2,1,0,0,0
2024020056,EDM,PHI,Chasing,-2,120,0,1,2,1,0,0
2024020056,EDM,PHI,Trailing,-1,120,0,1,0,1,0,1
2024020056,PHI,EDM,Neutral,0,120,0,2,0,0,0,0
2024020056,PHI,EDM,Neutral,0,120,0,2,1,2,0,0
2024020056,PHI,EDM,Leading,1,120,0,0,2,0,0,0
2024020056,EDM,PHI,Trailing,-1,120,0,2,0,2,0,0
2024020056,EDM,PHI,Trailing,-1,300,0,0,0,1,0,3
2024020056,PHI,EDM,Leading,1,300,0,3,0,1,0,0
2024020056,EDM,PHI,Trailing,-1,300,0,0,0,1,0,3
2024020056,PHI,EDM,Leading,1,300,0,3,0,1,0,0
2024020057,PIT,BUF,Chasing,-2,61,1,1,0,1,0,0
2024020057,BUF,PIT,Protecting,2,120,0,0,0,0,1,0
2024020057,PIT,BUF,Chasing,-2,54,1,0,0,0,0,0
2024020057,BUF,PIT,Protecting,2,120,0,0,0,0,1,0
2024020057,PIT,BUF,Trailing,-1,1,1,0,0,0,0,0
2024020057,PIT,BUF,Neutral,0,120,0,1,0,1,0,0
2024020057,PIT,BUF,Neutral,0,120,0,4,0,0,0,2
2024020057,PIT,BUF,Neutral,0,55,1,0,0,1,0,0
2024020058,TOR,LAK,Neutral,0,120,0,2,1,1,0,0
2024020058,LAK,TOR,Neutral,0,120,0,0,0,1,0,1
2024020058,TOR,LAK,Protecting,4,120,0,0,0,0,0,0
2024020058,LAK,TOR,Chasing,-4,120,0,1,0,0,0,1
2024020058,TOR,LAK,Protecting,4,69,1,0,0,0,0,0
2024020058,LAK,TOR,Chasing,-4,120,0,3,2,1,0,0
2024020058,LAK,TOR,Chasing,-3,120,0,0,1,0,0,1
2024020058,TOR,LAK,Protecting,3,78,1,2,0,1,0,0
2024020059,BOS,COL,Neutral,0,120,0,3,2,2,0,0
2024020059,COL,BOS,Trailing,-1,19,1,0,0,0,0,0
2024020059,BOS,COL,Neutral,0,29,1,0,0,0,0,0
2024020059,BOS,COL,Leading,1,97,1,1,3,0,0,1
2024020059,COL,BOS,Chasing,-3,59,1,0,0,0,0,0
2024020059,COL,BOS,Chasing,-3,59,1,0,0,0,0,0
2024020059,BOS,COL,Protecting,3,300,0,2,0,0,1,2
2024020059,BOS,COL,Protecting,2,120,0,0,1,1,0,0
2024020059,COL,BOS,Chasing,-2,23,1,0,0,0,0,0
2024020060,ANA,UTA,Leading,1,120,0,0,0,1,0,0
2024020060,UTA,ANA,Neutral,0,100,1,4,2,1,0,1
2024020060,ANA,UTA,Trailing,-1,120,0,0,1,0,0,0
2024020060,UTA,ANA,Leading,1,120,0,2,1,0,0,0
2024020060,ANA,UTA,Leading,1,120,0,0,0,2,0,0
2024020060,ANA,UTA,Leading,1,120,0,2,2,2,0,0
2024020060,ANA,UTA,Leading,1,120,0,3,2,2,0,0
2024020060,UTA,ANA,Neutral,0,120,0,1,1,0,0,1
2024020060,ANA,UTA,Neutral,0,120,0,1,0,3,0,1
2024020060,ANA,UTA,Neutral,0,120,0,1,0,3,0,1
2024020060,UTA,ANA,Neutral,0,120,0,1,1,0,0,1
2024020061,MTL,LAK,Leading,1,120,0,1,0,0,0,1
2024020061,MTL,LAK,Trailing,-1,120,0,0,0,0,0,0
2024020061,LAK,MTL,Leading,1,120,0,0,1,0,0,0
2024020061,MTL,LAK,Trailing,-1,120,0,0,0,0,0,1
2024020061,MTL,LAK,Trailing,-1,120,0,1,0,0,0,0
2024020061,LAK,MTL,Leading,1,120,0,1,0,1,0,0
2024020061,LAK,MTL,Leading,1,1,0,1,0,0,0,0
2024020061,MTL,LAK,Chasing,-2,120,0,2,1,0,1,0
2024020062,OTT,NJD,Neutral,0,120,0,0,2,1,0,1
2024020062,NJD,OTT,Neutral,0,120,0,4,1,2,0,0
2024020062,OTT,NJD,Trailing,-1,120,0,0,0,1,1,1
2024020062,NJD,OTT,Protecting,2,120,0,2,2,2,0,0
2024020062,OTT,NJD,Chasing,-3,96,1,1,0,2,0,0
2024020064,VGK,TBL,Neutral,0,74,1,2,0,0,0,0
2024020064,VGK,TBL,Leading,1,120,0,0,0,1,0,0
2024020064,TBL,VGK,Trailing,-1,120,0,4,2,6,0,0
2024020064,TBL,VGK,Trailing,-1,120,0,3,3,4,0,1
2024020064,VGK,TBL,Leading,1,120,0,1,2,3,0,0
2024020065,VAN,FLA,Neutral,0,120,0,1,0,0,0,0
2024020065,VAN,FLA,Leading,1,1,1,0,0,0,0,0
2024020065,VAN,FLA,Leading,1,300,0,3,0,0,0,0
2024020065,FLA,VAN,Trailing,-1,300,0,0,0,1,0,3
2024020065,FLA,VAN,Trailing,-1,61,1,0,0,0,0,0
2024020065,VAN,FLA,Neutral,0,18,1,0,0,0,0,0
2024020065,FLA,VAN,Neutral,0,120,0,0,0,0,1,0
2024020066,WSH,DAL,Neutral,0,120,0,0,0,2,0,1
2024020066,DAL,WSH,Neutral,0,120,0,2,0,0,0,1
2024020066,WSH,DAL,Neutral,0,120,0,2,0,0,1,1
2024020066,WSH,DAL,Trailing,-1,120,0,0,0,2,0,0
2024020066,DAL,WSH,Leading,1,120,0,0,1,2,0,2
2024020066,DAL,WSH,Trailing,-1,120,0,2,0,1,0,0
2024020066,WSH,DAL,Leading,1,120,0,0,1,0,0,0
2024020066,WSH,DAL,Leading,1,120,0,2,2,2,0,0
2024020066,DAL,WSH,Trailing,-1,120,0,1,1,2,0,0
2024020067,CBJ,BUF,Neutral,0,46,1,0,1,0,0,0
2024020067,CBJ,BUF,Leading,1,120,0,3,0,0,0,0
2024020067,BUF,CBJ,Trailing,-1,120,0,2,1,2,0,0
2024020067,CBJ,BUF,Protecting,2,120,0,0,2,0,0,0
2024020067,BUF,CBJ,Chasing,-2,120,0,3,0,1,0,0
2024020063,DET,NYR,Neutral,0,120,0,2,5,0,0,0
2024020063,DET,NYR,Neutral,0,120,0,1,4,1,0,0
2024020063,NYR,DET,Leading,1,11,1,0,0,0,0,0
2024020063,NYR,DET,Leading,1,47,1,1,1,0,0,0
2024020063,NYR,DET,Protecting,2,56,1,0,0,1,0,0
2024020063,DET,NYR,Chasing,-4,120,0,0,1,0,0,2
2024020063,NYR,DET,Protecting,4,120,0,2,0,0,0,0
2024020063,NYR,DET,Protecting,4,120,0,0,0,1,0,0
2024020063,DET,NYR,Chasing,-4,120,0,0,0,0,0,0
2024020063,DET,NYR,Chasing,-4,120,0,1,1,1,0,0
2024020063,NYR,DET,Protecting,4,120,0,1,0,0,0,2
2024020063,DET,NYR,Chasing,-4,93,1,2,1,0,0,0
2024020063,DET,NYR,Chasing,-3,120,0,0,0,0,0,0
2024020068,NYI,STL,Neutral,0,120,0,2,1,0,0,1
2024020068,NYI,STL,Neutral,0,120,0,1,1,0,0,0
2024020068,STL,NYI,Neutral,0,120,0,1,0,2,0,1
2024020068,NYI,STL,Neutral,0,120,0,0,0,1,0,0
2024020068,STL,NYI,Neutral,0,120,0,0,0,1,0,0
2024020069,EDM,NSH,Neutral,0,120,0,2,1,0,0,0
2024020069,NSH,EDM,Neutral,0,120,0,1,1,1,0,0
2024020069,EDM,NSH,Trailing,-1,22,1,0,0,1,0,0
2024020069,NSH,EDM,Leading,1,300,0,1,1,2,1,4
2024020069,EDM,NSH,Neutral,0,120,0,1,0,4,0,1
2024020069,EDM,NSH,Neutral,0,120,0,2,0,1,0,0
2024020069,NSH,EDM,Trailing,-1,205,1,3,0,3,0,0
2024020069,EDM,NSH,Leading,1,120,0,0,1,0,0,1
2024020070,CHI,SJS,Neutral,0,72,1,0,1,0,0,1
2024020070,SJS,CHI,Neutral,0,120,0,1,0,0,1,1
2024020070,SJS,CHI,Trailing,-1,120,0,1,0,1,0,0
2024020070,CHI,SJS,Leading,1,49,1,0,0,1,0,0
2024020070,CHI,SJS,Protecting,2,61,1,0,1,0,0,0
2024020070,SJS,CHI,Chasing,-3,120,0,1,1,1,0,0
2024020070,CHI,SJS,Protecting,3,120,0,6,2,0,0,0
2024020070,CHI,SJS,Protecting,3,120,0,6,2,0,0,1
2024020070,CHI,SJS,Protecting,2,120,0,3,0,0,0,1
2024020070,CHI,SJS,Protecting,2,120,0,2,0,1,0,1
2024020071,SEA,PHI,Trailing,-1,120,0,2,2,1,0,0
2024020071,PHI,SEA,Leading,1,120,0,2,1,1,0,0
2024020071,PHI,SEA,Leading,1,120,0,0,0,1,0,0
2024020071,SEA,PHI,Trailing,-1,39,1,2,0,0,0,0
2024020071,SEA,PHI,Neutral,0,120,0,1,0,2,0,0
2024020071,PHI,SEA,Neutral,0,120,0,2,2,0,0,0
2024020071,SEA,PHI,Neutral,0,120,0,0,0,0,0,2
2024020071,SEA,PHI,Protecting,3,120,0,0,1,0,0,0
2024020071,SEA,PHI,Protecting,3,120,0,2,0,1,0,0
2024020071,PHI,SEA,Chasing,-3,120,0,1,0,1,0,0
2024020071,PHI,SEA,Chasing,-2,8,1,0,0,0,0,0
2024020071,PHI,SEA,Chasing,-2,8,1,0,0,0,0,0
2024020071,SEA,PHI,Protecting,2,120,0,0,0,0,1,2
2024020071,SEA,PHI,Protecting,2,148,1,0,0,0,1,3
2024020071,PHI,SEA,Chasing,-2,8,1,0,0,0,0,0
2024020072,PIT,CAR,Neutral,0,120,0,0,0,0,0,0
2024020072,CAR,PIT,Neutral,0,39,1,1,0,0,0,0
2024020072,CAR,PIT,Leading,1,120,0,1,2,6,0,0
2024020072,PIT,CAR,Trailing,-1,120,0,3,2,2,0,2
2024020072,CAR,PIT,Leading,1,120,0,2,1,0,0,3
2024020072,PIT,CAR,Trailing,-1,120,0,3,2,3,0,1
2024020072,CAR,PIT,Leading,1,69,1,0,0,0,0,0
2024020072,PIT,CAR,Chasing,-2,120,0,1,0,1,0,1
2024020072,PIT,CAR,Chasing,-3,120,0,4,0,0,0,1
2024020072,PIT,CAR,Chasing,-3,120,0,3,2,1,0,0
2024020073,WPG,SJS,Leading,1,107,1,2,0,3,0,1
2024020073,WPG,SJS,Leading,1,61,1,1,0,1,0,1
2024020073,SJS,WPG,Chasing,-2,90,1,0,0,1,0,0
2024020073,WPG,SJS,Protecting,2,110,1,0,0,0,0,0
2024020073,WPG,SJS,Protecting,3,120,0,3,0,0,0,1
2024020073,SJS,WPG,Chasing,-3,120,0,2,0,1,0,0
2024020073,WPG,SJS,Protecting,3,120,0,0,1,1,0,0
2024020073,WPG,SJS,Protecting,3,109,1,1,1,1,0,0
2024020073,WPG,SJS,Protecting,3,105,1,0,0,0,0,0
2024020074,COL,ANA,Trailing,-1,120,0,2,0,0,0,0
2024020074,COL,ANA,Trailing,-1,120,0,3,0,1,0,0
2024020074,COL,ANA,Trailing,-1,120,0,3,1,1,0,0
2024020074,ANA,COL,Leading,1,120,0,0,0,0,0,1
2024020074,COL,ANA,Trailing,-1,98,1,0,0,2,0,0
2024020074,COL,ANA,Trailing,-1,55,1,0,0,2,0,0
2024020074,ANA,COL,Trailing,-1,120,0,1,2,2,0,0
2024020074,ANA,COL,Trailing,-1,120,0,0,3,4,0,0
2024020075,OTT,TBL,Neutral,0,80,1,0,0,0,0,0
2024020075,OTT,TBL,Neutral,0,41,1,0,0,0,0,0
2024020075,TBL,OTT,Trailing,-1,120,0,1,2,0,0,0
2024020075,OTT,TBL,Protecting,2,120,0,2,2,3,0,0
2024020075,OTT,TBL,Neutral,0,14,1,1,0,0,0,0
2024020075,TBL,OTT,Trailing,-1,120,0,2,1,3,0,0
2024020075,TBL,OTT,Trailing,-1,120,0,3,0,0,1,0
2024020075,TBL,OTT,Trailing,-1,120,0,3,0,0,1,0
2024020075,TBL,OTT,Trailing,-1,120,0,3,0,0,1,0
2024020075,OTT,TBL,Leading,1,95,1,0,0,0,0,3
2024020075,OTT,TBL,Leading,1,95,1,0,0,0,0,3
2024020075,OTT,TBL,Leading,1,120,0,1,0,0,0,1
2024020076,DET,NSH,Neutral,0,79,1,1,0,0,0,0
2024020076,DET,NSH,Leading,1,120,0,2,0,3,0,0
2024020076,DET,NSH,Leading,1,120,0,1,0,1,0,1
2024020076,NSH,DET,Trailing,-1,120,0,1,0,1,0,1
2024020076,DET,NSH,Leading,1,120,0,0,0,0,0,2
2024020076,NSH,DET,Trailing,-1,120,0,4,3,0,0,0
2024020076,NSH,DET,Trailing,-1,96,1,4,3,0,0,0
2024020077,EDM,DAL,Neutral,0,120,0,3,1,2,0,0
2024020077,EDM,DAL,Neutral,0,120,0,1,1,2,0,0
2024020077,DAL,EDM,Neutral,0,3,1,0,0,0,0,0
2024020078,VGK,FLA,Neutral,0,120,0,2,0,1,0,0
2024020078,FLA,VGK,Trailing,-1,66,1,1,0,0,0,0
2024020078,FLA,VGK,Neutral,0,120,0,2,3,2,0,0
2024020079,NYR,TOR,Leading,1,120,0,1,2,0,0,0
2024020079,TOR,NYR,Chasing,-2,120,0,2,0,1,0,1
2024020079,TOR,NYR,Chasing,-2,120,0,2,2,1,0,0
2024020079,NYR,TOR,Protecting,2,120,0,1,1,2,0,0
2024020079,TOR,NYR,Trailing,-1,120,0,2,1,1,0,0
2024020080,NJD,WSH,Trailing,-1,120,0,2,1,2,0,0
2024020080,WSH,NJD,Protecting,2,120,0,2,1,1,0,0
2024020080,WSH,NJD,Protecting,2,300,0,3,1,0,1,1
2024020080,NJD,WSH,Chasing,-2,186,1,1,0,0,0,3
2024020080,NJD,WSH,Trailing,-1,89,1,1,0,1,0,1
2024020080,WSH,NJD,Neutral,0,120,0,1,0,0,0,0
2024020081,NYI,MTL,Neutral,0,103,1,0,0,0,0,0
2024020081,MTL,NYI,Chasing,-2,5,1,0,1,0,0,0
2024020081,NYI,MTL,Neutral,0,120,0,0,3,2,0,0
2024020081,NYI,MTL,Neutral,0,120,0,1,1,0,0,1
2024020081,NYI,MTL,Neutral,0,120,0,3,1,1,0,1
2024020081,NYI,MTL,Neutral,0,120,0,1,1,2,0,0
2024020081,NYI,MTL,Neutral,0,120,0,2,2,4,0,0
2024020082,VAN,PHI,Neutral,0,120,0,0,1,1,0,0
2024020082,PHI,VAN,Neutral,0,120,0,1,1,0,0,0
2024020082,PHI,VAN,Trailing,-1,240,0,1,2,0,0,1
2024020082,VAN,PHI,Leading,1,120,0,1,0,0,0,1
2024020082,VAN,PHI,Protecting,3,120,0,0,0,0,0,2
2024020082,PHI,VAN,Chasing,-3,120,0,1,3,0,0,0
2024020083,MIN,CBJ,Neutral,0,120,0,3,2,0,0,0
2024020083,CBJ,MIN,Trailing,-1,120,0,3,2,2,0,0
2024020083,CBJ,MIN,Trailing,-1,240,0,7,0,5,0,1
2024020083,MIN,CBJ,Leading,1,32,1,1,0,0,0,1
2024020083,MIN,CBJ,Leading,1,6,1,0,0,0,0,0
2024020084,CAR,STL,Leading,1,120,0,4,0,0,0,0
2024020084,STL,CAR,Trailing,-1,120,0,0,1,0,0,0
2024020084,STL,CAR,Trailing,-1,120,0,1,0,0,0,0
2024020084,STL,CAR,Protecting,2,120,0,0,0,0,0,2
2024020084,CAR,STL,Chasing,-2,120,0,2,0,0,0,0
2024020084,CAR,STL,Chasing,-2,30,1,0,1,0,0,0
2024020084,STL,CAR,Leading,1,120,0,0,0,1,0,0
2024020084,CAR,STL,Trailing,-1,120,0,0,0,1,0,1
2024020084,STL,CAR,Leading,1,120,0,0,2,0,0,0
2024020084,CAR,STL,Trailing,-1,120,0,0,0,0,0,0
2024020084,STL,CAR,Leading,1,120,0,0,0,0,0,0
2024020084,STL,CAR,Leading,1,120,0,0,0,0,0,0
2024020085,BUF,CHI,Protecting,2,120,0,1,1,0,0,1
2024020085,CHI,BUF,Chasing,-2,120,0,1,3,1,0,0
2024020085,BUF,CHI,Leading,1,120,0,1,2,0,0,0
2024020085,BUF,CHI,Neutral,0,120,0,2,0,1,0,0
2024020085,BUF,CHI,Leading,1,120,0,2,1,1,0,0
2024020085,BUF,CHI,Leading,1,120,0,2,1,1,0,0
2024020085,CHI,BUF,Trailing,-1,120,0,0,0,0,0,2
2024020085,BUF,CHI,Leading,1,120,0,2,1,1,0,0
2024020085,CHI,BUF,Trailing,-1,120,0,0,0,0,0,2
2024020086,BOS,UTA,Neutral,0,120,0,1,2,1,0,1
2024020086,UTA,BOS,Neutral,0,120,0,1,0,1,0,1
2024020086,BOS,UTA,Neutral,0,120,0,1,0,3,0,0
2024020086,UTA,BOS,Neutral,0,120,0,0,0,0,0,1
2024020086,UTA,BOS,Neutral,0,120,0,2,0,1,0,0
2024020086,BOS,UTA,Leading,1,120,0,1,0,0,0,0
2024020086,UTA,BOS,Trailing,-1,120,0,1,1,1,0,0
2024020086,BOS,UTA,Leading,1,120,0,4,2,0,0,1
2024020086,UTA,BOS,Neutral,0,120,0,1,2,0,0,0
2024020087,SEA,CGY,Neutral,0,120,0,0,2,2,0,0
2024020087,CGY,SEA,Neutral,0,80,1,3,0,1,0,0
2024020087,CGY,SEA,Leading,1,120,0,1,0,0,0,0
2024020087,SEA,CGY,Trailing,-1,240,0,1,3,1,0,0
2024020087,SEA,CGY,Trailing,-1,105,1,0,0,2,0,0
2024020087,SEA,CGY,Trailing,-1,32,1,0,0,2,0,0
2024020087,CGY,SEA,Neutral,0,120,0,1,3,0,0,0
2024020087,SEA,CGY,Neutral,0,120,0,2,0,0,0,0
2024020088,WPG,PIT,Neutral,0,120,0,0,0,0,0,0
2024020088,PIT,WPG,Neutral,0,111,1,3,0,2,0,0
2024020088,PIT,WPG,Neutral,0,120,0,0,1,2,1,1
2024020088,WPG,PIT,Neutral,0,76,1,1,1,0,0,0
2024020088,WPG,PIT,Protecting,3,120,0,0,0,0,0,0
2024020089,COL,SJS,Neutral,0,23,1,1,0,0,0,0
2024020089,COL,SJS,Leading,1,120,0,1,0,1,0,0
2024020089,SJS,COL,Chasing,-2,18,1,1,0,0,0,0
2024020089,SJS,COL,Chasing,-2,18,1,1,0,0,0,0
2024020089,COL,SJS,Protecting,2,120,0,0,0,0,1,1
2024020089,COL,SJS,Leading,1,120,0,2,2,0,0,0
2024020089,COL,SJS,Leading,1,120,0,3,3,1,0,0
2024020089,SJS,COL,Trailing,-1,120,0,1,2,1,0,0
2024020089,COL,SJS,Leading,1,300,0,0,0,0,0,5
2024020089,SJS,COL,Trailing,-1,300,0,5,6,3,0,0
2024020089,SJS,COL,Trailing,-1,120,0,3,2,1,0,0
2024020089,SJS,COL,Trailing,-1,120,0,1,1,0,0,0
2024020089,SJS,COL,Trailing,-1,120,0,2,1,0,0,0
2024020090,ANA,LAK,Neutral,0,120,0,0,0,0,0,1
2024020090,ANA,LAK,Neutral,0,120,0,1,0,0,0,0
2024020090,LAK,ANA,Neutral,0,120,0,2,2,3,0,0
2024020090,LAK,ANA,Neutral,0,120,0,2,3,1,0,0
2024020090,ANA,LAK,Trailing,-1,120,0,1,1,0,0,0
2024020091,TOR,TBL,Leading,1,120,0,1,1,0,0,0
2024020091,TOR,TBL,Neutral,0,50,1,1,1,0,0,0
2024020091,TBL,TOR,Chasing,-3,120,0,6,3,1,0,1
2024020091,TBL,TOR,Chasing,-3,120,0,6,3,1,0,1
2024020091,TOR,TBL,Protecting,4,120,0,1,0,2,0,1
2024020091,TBL,TOR,Chasing,-4,120,0,1,1,1,0,0
2024020091,TBL,TOR,Chasing,-4,120,0,1,0,2,0,0
2024020091,TOR,TBL,Protecting,4,120,0,3,2,0,0,1
2024020091,TBL,TOR,Chasing,-4,48,1,1,0,0,0,0
2024020091,TOR,TBL,Protecting,4,300,0,0,1,1,1,4
2024020091,TBL,TOR,Chasing,-4,48,1,1,0,0,0,0
2024020091,TBL,TOR,Chasing,-3,120,0,2,1,1,0,0
2024020092,PHI,WSH,Neutral,0,120,0,0,0,1,1,2
2024020092,WSH,PHI,Leading,1,300,0,1,0,4,0,1
2024020092,PHI,WSH,Trailing,-1,300,0,1,0,0,0,1
2024020092,WSH,PHI,Leading,1,120,0,0,0,1,0,0
2024020092,WSH,PHI,Leading,1,120,0,0,0,1,0,1
2024020092,PHI,WSH,Trailing,-1,120,0,1,1,0,1,0
2024020092,WSH,PHI,Protecting,2,120,0,1,1,0,0,1
2024020092,WSH,PHI,Protecting,2,120,0,2,1,1,0,0
2024020092,PHI,WSH,Chasing,-2,34,1,0,0,0,0,0
2024020092,WSH,PHI,Protecting,2,98,1,0,0,0,1,1
2024020092,WSH,PHI,Protecting,2,120,0,1,1,1,0,0
2024020092,PHI,WSH,Chasing,-2,120,0,0,0,1,0,1
2024020093,MIN,FLA,Protecting,2,103,1,0,0,0,0,0
2024020093,MIN,FLA,Protecting,4,120,0,0,2,0,0,0
2024020094,TBL,NJD,Trailing,-1,98,1,5,0,0,0,0
2024020094,NJD,TBL,Chasing,-4,120,0,1,0,0,0,0
2024020094,TBL,NJD,Protecting,4,120,0,0,0,1,0,1
2024020094,NJD,TBL,Chasing,-3,109,1,3,0,3,0,0
2024020094,TBL,NJD,Protecting,2,4,1,0,0,0,0,0
2024020094,NJD,TBL,Chasing,-3,120,0,1,0,1,1,0
2024020094,NJD,TBL,Chasing,-4,50,1,0,0,0,0,0
2024020095,DAL,BUF,Neutral,0,120,0,0,0,0,0,0
2024020095,DAL,BUF,Neutral,0,120,0,0,2,1,0,1
2024020095,DAL,BUF,Neutral,0,120,0,1,0,0,0,0
2024020095,BUF,DAL,Neutral,0,120,0,2,2,1,0,0
2024020096,NYR,MTL,Protecting,3,97,1,1,0,0,0,0
2024020096,NYR,MTL,Protecting,3,120,0,1,0,0,0,1
2024020096,MTL,NYR,Chasing,-3,120,0,1,1,0,0,1
2024020096,MTL,NYR,Chasing,-3,33,1,0,0,0,0,0
2024020096,NYR,MTL,Protecting,3,120,0,0,0,1,0,0
2024020096,MTL,NYR,Chasing,-3,120,0,0,0,1,0,1
2024020096,NYR,MTL,Protecting,3,120,0,2,0,0,0,0
2024020096,MTL,NYR,Chasing,-3,120,0,0,0,1,0,2
2024020096,NYR,MTL,Protecting,3,120,0,4,3,1,0,0
2024020096,MTL,NYR,Chasing,-3,300,0,1,1,0,0,6
2024020096,NYR,MTL,Protecting,3,300,0,6,4,1,0,1
2024020096,NYR,MTL,Protecting,3,510,1,11,4,3,0,1
2024020096,MTL,NYR,Chasing,-3,120,0,0,1,1,0,2
2024020097,CBJ,TOR,Protecting,3,120,0,1,0,0,0,0
2024020097,TOR,CBJ,Chasing,-3,120,0,0,1,0,0,2
2024020097,CBJ,TOR,Protecting,4,120,0,1,0,1,0,2
2024020097,TOR,CBJ,Chasing,-4,120,0,2,2,0,0,1
2024020097,TOR,CBJ,Chasing,-4,120,0,2,1,0,0,2
2024020097,CBJ,TOR,Protecting,4,120,0,2,0,0,0,1
2024020097,CBJ,TOR,Protecting,4,120,0,1,0,2,0,1
2024020097,CBJ,TOR,Protecting,4,120,0,1,0,1,0,0
2024020097,CBJ,TOR,Protecting,4,120,0,1,0,1,0,0
2024020097,TOR,CBJ,Chasing,-4,120,0,0,0,0,0,1
2024020097,TOR,CBJ,Chasing,-4,120,0,3,0,0,0,0
2024020098,DET,NYI,Leading,1,120,0,1,0,1,0,0
2024020098,NYI,DET,Trailing,-1,120,0,2,2,1,0,0
2024020098,NYI,DET,Trailing,-1,120,0,5,1,1,0,0
2024020098,NYI,DET,Trailing,-1,120,0,0,1,0,0,0
2024020099,STL,WPG,Leading,1,120,0,0,0,1,0,1
2024020099,WPG,STL,Trailing,-1,120,0,0,2,1,0,0
2024020099,WPG,STL,Trailing,-1,93,1,2,0,1,0,2
2024020099,STL,WPG,Trailing,-1,120,0,1,1,0,0,0
2024020100,VAN,CHI,Leading,1,82,1,2,0,0,0,0
2024020100,VAN,CHI,Protecting,2,1,1,0,0,0,0,0
2024020100,CHI,VAN,Chasing,-2,120,0,1,1,0,0,0
2024020100,CHI,VAN,Chasing,-2,120,0,4,0,1,0,0
2024020100,CHI,VAN,Chasing,-2,120,0,2,1,0,0,0
2024020100,VAN,CHI,Protecting,2,13,1,0,0,0,0,0
2024020100,CHI,VAN,Chasing,-4,85,1,0,1,1,0,0
2024020100,CHI,VAN,Chasing,-4,59,1,0,1,1,0,0
2024020106,COL,SEA,Leading,1,120,0,2,0,1,0,1
2024020106,COL,SEA,Leading,1,28,1,0,0,0,0,0
2024020106,COL,SEA,Protecting,2,120,0,1,3,1,0,0
2024020106,SEA,COL,Chasing,-2,115,1,5,1,1,0,0
